detector,scenario,magnitude,n_streams,n_machines,bootstrap_draws,auc,auc_lo,auc_hi
c2st,correlation_break,0.0,22,11,2000,0.5433,0.4352,0.6495
c2st,gradual_shift,0.5,22,11,2000,0.8392,0.7607,0.9064
c2st,gradual_shift,1.0,22,11,2000,0.8214,0.7345,0.8916
c2st,gradual_shift,2.0,22,11,2000,0.8276,0.7446,0.8958
c2st,gradual_shift,4.0,22,11,2000,0.8417,0.7555,0.9114
c2st,incremental_shift,0.5,22,11,2000,0.843,0.7651,0.9067
c2st,incremental_shift,1.0,22,11,2000,0.8758,0.7948,0.9444
c2st,incremental_shift,2.0,22,11,2000,0.8865,0.787,0.9636
c2st,incremental_shift,4.0,22,11,2000,0.9058,0.8067,0.9815
c2st,sudden_shift,0.5,22,11,2000,0.9252,0.8699,0.9696
c2st,sudden_shift,1.0,22,11,2000,0.9341,0.8733,0.9821
c2st,sudden_shift,2.0,22,11,2000,0.8979,0.8005,0.972
c2st,sudden_shift,4.0,22,11,2000,0.9339,0.8721,0.9833
c2st,variance_shift,0.5,22,11,2000,0.65,0.5376,0.7565
c2st,variance_shift,1.0,22,11,2000,0.7168,0.6254,0.8073
c2st,variance_shift,2.0,22,11,2000,0.7735,0.683,0.8589
c2st,variance_shift,4.0,22,11,2000,0.7379,0.6271,0.8413
c2st_thinned,correlation_break,0.0,22,11,2000,0.4532,0.3507,0.5673
c2st_thinned,gradual_shift,0.5,22,11,2000,0.7152,0.6244,0.809
c2st_thinned,gradual_shift,1.0,22,11,2000,0.7761,0.6982,0.8481
c2st_thinned,gradual_shift,2.0,22,11,2000,0.8104,0.731,0.8799
c2st_thinned,gradual_shift,4.0,22,11,2000,0.8068,0.7542,0.8605
c2st_thinned,incremental_shift,0.5,22,11,2000,0.7344,0.6447,0.82
c2st_thinned,incremental_shift,1.0,22,11,2000,0.7524,0.6795,0.8233
c2st_thinned,incremental_shift,2.0,22,11,2000,0.822,0.749,0.8865
c2st_thinned,incremental_shift,4.0,22,11,2000,0.8606,0.8067,0.9083
c2st_thinned,sudden_shift,0.5,22,11,2000,0.7926,0.6881,0.8858
c2st_thinned,sudden_shift,1.0,22,11,2000,0.8625,0.7965,0.9197
c2st_thinned,sudden_shift,2.0,22,11,2000,0.8511,0.7807,0.9102
c2st_thinned,sudden_shift,4.0,22,11,2000,0.8451,0.7782,0.9077
c2st_thinned,variance_shift,0.5,22,11,2000,0.6501,0.5379,0.7699
c2st_thinned,variance_shift,1.0,22,11,2000,0.6747,0.5609,0.7777
c2st_thinned,variance_shift,2.0,22,11,2000,0.6813,0.5807,0.7792
c2st_thinned,variance_shift,4.0,22,11,2000,0.7268,0.6268,0.8238
iforest_mean,correlation_break,0.0,22,11,2000,0.8571,0.7741,0.9243
iforest_mean,gradual_shift,0.5,22,11,2000,0.9069,0.8354,0.9667
iforest_mean,gradual_shift,1.0,22,11,2000,0.9525,0.9138,0.986
iforest_mean,gradual_shift,2.0,22,11,2000,0.9996,0.999,1.0
iforest_mean,gradual_shift,4.0,22,11,2000,0.9986,0.9968,1.0
iforest_mean,incremental_shift,0.5,22,11,2000,0.8352,0.7392,0.9099
iforest_mean,incremental_shift,1.0,22,11,2000,0.9091,0.8565,0.9572
iforest_mean,incremental_shift,2.0,22,11,2000,0.9635,0.933,0.9884
iforest_mean,incremental_shift,4.0,22,11,2000,0.999,0.9972,1.0
iforest_mean,sudden_shift,0.5,22,11,2000,0.9198,0.8655,0.9653
iforest_mean,sudden_shift,1.0,22,11,2000,0.9878,0.9704,0.999
iforest_mean,sudden_shift,2.0,22,11,2000,0.9976,0.9927,1.0
iforest_mean,sudden_shift,4.0,22,11,2000,0.9953,0.986,1.0
iforest_mean,variance_shift,0.5,22,11,2000,0.8941,0.8178,0.9531
iforest_mean,variance_shift,1.0,22,11,2000,0.9464,0.8868,0.9852
iforest_mean,variance_shift,2.0,22,11,2000,0.9456,0.8922,0.9866
iforest_mean,variance_shift,4.0,22,11,2000,0.9779,0.9519,0.9976
js_max,correlation_break,0.0,22,11,2000,0.5213,0.4168,0.6291
js_max,gradual_shift,0.5,22,11,2000,0.6822,0.5797,0.7792
js_max,gradual_shift,1.0,22,11,2000,0.7518,0.6414,0.8521
js_max,gradual_shift,2.0,22,11,2000,0.7494,0.6518,0.8496
js_max,gradual_shift,4.0,22,11,2000,0.8304,0.7687,0.8876
js_max,incremental_shift,0.5,22,11,2000,0.6652,0.5735,0.7514
js_max,incremental_shift,1.0,22,11,2000,0.7595,0.6435,0.8682
js_max,incremental_shift,2.0,22,11,2000,0.7457,0.6368,0.8472
js_max,incremental_shift,4.0,22,11,2000,0.874,0.8127,0.9363
js_max,sudden_shift,0.5,22,11,2000,0.8326,0.7139,0.9363
js_max,sudden_shift,1.0,22,11,2000,0.8458,0.7457,0.931
js_max,sudden_shift,2.0,22,11,2000,0.9336,0.8492,0.9892
js_max,sudden_shift,4.0,22,11,2000,1.0,1.0,1.0
js_max,variance_shift,0.5,22,11,2000,0.6843,0.5844,0.7847
js_max,variance_shift,1.0,22,11,2000,0.7508,0.6449,0.8531
js_max,variance_shift,2.0,22,11,2000,0.6601,0.5377,0.7768
js_max,variance_shift,4.0,22,11,2000,0.8164,0.7279,0.9026
js_max_thinned,correlation_break,0.0,22,11,2000,0.5298,0.4054,0.6461
js_max_thinned,gradual_shift,0.5,22,11,2000,0.7447,0.6575,0.8243
js_max_thinned,gradual_shift,1.0,22,11,2000,0.7973,0.7242,0.8614
js_max_thinned,gradual_shift,2.0,22,11,2000,0.8135,0.7384,0.8764
js_max_thinned,gradual_shift,4.0,22,11,2000,0.8143,0.7285,0.8835
js_max_thinned,incremental_shift,0.5,22,11,2000,0.748,0.6558,0.8291
js_max_thinned,incremental_shift,1.0,22,11,2000,0.8902,0.8413,0.9361
js_max_thinned,incremental_shift,2.0,22,11,2000,0.8681,0.8001,0.9231
js_max_thinned,incremental_shift,4.0,22,11,2000,0.9079,0.8614,0.9472
js_max_thinned,sudden_shift,0.5,22,11,2000,0.822,0.7033,0.919
js_max_thinned,sudden_shift,1.0,22,11,2000,0.9247,0.8484,0.9836
js_max_thinned,sudden_shift,2.0,22,11,2000,0.9507,0.9071,0.9866
js_max_thinned,sudden_shift,4.0,22,11,2000,0.9736,0.9474,0.9943
js_max_thinned,variance_shift,0.5,22,11,2000,0.7853,0.6856,0.877
js_max_thinned,variance_shift,1.0,22,11,2000,0.8188,0.7252,0.9004
js_max_thinned,variance_shift,2.0,22,11,2000,0.763,0.6534,0.8653
js_max_thinned,variance_shift,4.0,22,11,2000,0.8492,0.7762,0.9154
ks_bonferroni,correlation_break,0.0,22,11,2000,0.5,0.5,0.5
ks_bonferroni,gradual_shift,0.5,22,11,2000,0.5,0.5,0.5
ks_bonferroni,gradual_shift,1.0,22,11,2000,0.5,0.5,0.5
ks_bonferroni,gradual_shift,2.0,22,11,2000,0.5,0.5,0.5
ks_bonferroni,gradual_shift,4.0,22,11,2000,0.5,0.5,0.5
ks_bonferroni,incremental_shift,0.5,22,11,2000,0.5,0.5,0.5
ks_bonferroni,incremental_shift,1.0,22,11,2000,0.5,0.5,0.5
ks_bonferroni,incremental_shift,2.0,22,11,2000,0.5,0.5,0.5
ks_bonferroni,incremental_shift,4.0,22,11,2000,0.5,0.5,0.5
ks_bonferroni,sudden_shift,0.5,22,11,2000,0.5,0.5,0.5
ks_bonferroni,sudden_shift,1.0,22,11,2000,0.5,0.5,0.5
ks_bonferroni,sudden_shift,2.0,22,11,2000,0.5,0.5,0.5
ks_bonferroni,sudden_shift,4.0,22,11,2000,0.5,0.5,0.5
ks_bonferroni,variance_shift,0.5,22,11,2000,0.5,0.5,0.5
ks_bonferroni,variance_shift,1.0,22,11,2000,0.5,0.5,0.5
ks_bonferroni,variance_shift,2.0,22,11,2000,0.5,0.5,0.5
ks_bonferroni,variance_shift,4.0,22,11,2000,0.5,0.5,0.5
ks_max,correlation_break,0.0,22,11,2000,0.5277,0.4288,0.6241
ks_max,gradual_shift,0.5,22,11,2000,0.7217,0.6594,0.7823
ks_max,gradual_shift,1.0,22,11,2000,0.7854,0.7153,0.8551
ks_max,gradual_shift,2.0,22,11,2000,0.8134,0.7412,0.8794
ks_max,gradual_shift,4.0,22,11,2000,0.8542,0.7977,0.9053
ks_max,incremental_shift,0.5,22,11,2000,0.7919,0.6828,0.8928
ks_max,incremental_shift,1.0,22,11,2000,0.8654,0.7921,0.9288
ks_max,incremental_shift,2.0,22,11,2000,0.7861,0.7129,0.8618
ks_max,incremental_shift,4.0,22,11,2000,0.8911,0.8303,0.9453
ks_max,sudden_shift,0.5,22,11,2000,0.797,0.7195,0.8727
ks_max,sudden_shift,1.0,22,11,2000,0.9188,0.8539,0.9718
ks_max,sudden_shift,2.0,22,11,2000,0.9154,0.8612,0.9642
ks_max,sudden_shift,4.0,22,11,2000,0.9347,0.8693,0.9865
ks_max,variance_shift,0.5,22,11,2000,0.7063,0.5801,0.8294
ks_max,variance_shift,1.0,22,11,2000,0.7344,0.6318,0.8442
ks_max,variance_shift,2.0,22,11,2000,0.784,0.6867,0.8777
ks_max,variance_shift,4.0,22,11,2000,0.8357,0.7541,0.9144
ks_max_thinned,correlation_break,0.0,22,11,2000,0.5457,0.4484,0.6449
ks_max_thinned,gradual_shift,0.5,22,11,2000,0.7185,0.6609,0.7796
ks_max_thinned,gradual_shift,1.0,22,11,2000,0.7544,0.6648,0.8411
ks_max_thinned,gradual_shift,2.0,22,11,2000,0.7846,0.7115,0.8557
ks_max_thinned,gradual_shift,4.0,22,11,2000,0.8168,0.75,0.8777
ks_max_thinned,incremental_shift,0.5,22,11,2000,0.7846,0.6803,0.8852
ks_max_thinned,incremental_shift,1.0,22,11,2000,0.7985,0.7234,0.87
ks_max_thinned,incremental_shift,2.0,22,11,2000,0.7523,0.6712,0.8369
ks_max_thinned,incremental_shift,4.0,22,11,2000,0.8371,0.7532,0.9159
ks_max_thinned,sudden_shift,0.5,22,11,2000,0.7785,0.6915,0.8628
ks_max_thinned,sudden_shift,1.0,22,11,2000,0.8747,0.8006,0.94
ks_max_thinned,sudden_shift,2.0,22,11,2000,0.8719,0.8076,0.9303
ks_max_thinned,sudden_shift,4.0,22,11,2000,0.8991,0.8288,0.9581
ks_max_thinned,variance_shift,0.5,22,11,2000,0.7292,0.6181,0.838
ks_max_thinned,variance_shift,1.0,22,11,2000,0.7082,0.6136,0.8086
ks_max_thinned,variance_shift,2.0,22,11,2000,0.7626,0.6569,0.8632
ks_max_thinned,variance_shift,4.0,22,11,2000,0.8173,0.7289,0.9035
pca_recon,correlation_break,0.0,22,11,2000,0.8906,0.8261,0.9458
pca_recon,gradual_shift,0.5,22,11,2000,0.8496,0.79,0.9018
pca_recon,gradual_shift,1.0,22,11,2000,0.8584,0.7845,0.9225
pca_recon,gradual_shift,2.0,22,11,2000,0.9205,0.8738,0.9602
pca_recon,gradual_shift,4.0,22,11,2000,0.9391,0.8955,0.9746
pca_recon,incremental_shift,0.5,22,11,2000,0.7435,0.6502,0.82
pca_recon,incremental_shift,1.0,22,11,2000,0.8147,0.75,0.874
pca_recon,incremental_shift,2.0,22,11,2000,0.8732,0.8168,0.9265
pca_recon,incremental_shift,4.0,22,11,2000,0.9375,0.9028,0.9675
pca_recon,sudden_shift,0.5,22,11,2000,0.8125,0.7261,0.8884
pca_recon,sudden_shift,1.0,22,11,2000,0.8768,0.8204,0.9306
pca_recon,sudden_shift,2.0,22,11,2000,0.9154,0.8665,0.9574
pca_recon,sudden_shift,4.0,22,11,2000,0.9464,0.9067,0.9783
pca_recon,variance_shift,0.5,22,11,2000,0.845,0.7679,0.9103
pca_recon,variance_shift,1.0,22,11,2000,0.9085,0.8444,0.96
pca_recon,variance_shift,2.0,22,11,2000,0.9077,0.8525,0.9541
pca_recon,variance_shift,4.0,22,11,2000,0.9515,0.9119,0.9828
psi_max,correlation_break,0.0,22,11,2000,0.4838,0.3728,0.5921
psi_max,gradual_shift,0.5,22,11,2000,0.598,0.4933,0.7096
psi_max,gradual_shift,1.0,22,11,2000,0.6019,0.5211,0.6814
psi_max,gradual_shift,2.0,22,11,2000,0.6792,0.6197,0.7413
psi_max,gradual_shift,4.0,22,11,2000,0.722,0.6532,0.7916
psi_max,incremental_shift,0.5,22,11,2000,0.6106,0.5018,0.7244
psi_max,incremental_shift,1.0,22,11,2000,0.7963,0.7212,0.8679
psi_max,incremental_shift,2.0,22,11,2000,0.8123,0.74,0.8785
psi_max,incremental_shift,4.0,22,11,2000,0.8547,0.7981,0.9044
psi_max,sudden_shift,0.5,22,11,2000,0.6341,0.5319,0.7303
psi_max,sudden_shift,1.0,22,11,2000,0.8614,0.7776,0.9353
psi_max,sudden_shift,2.0,22,11,2000,0.9556,0.9052,0.9943
psi_max,sudden_shift,4.0,22,11,2000,0.9961,0.9903,1.0
psi_max,variance_shift,0.5,22,11,2000,0.488,0.3681,0.6122
psi_max,variance_shift,1.0,22,11,2000,0.527,0.4166,0.6431
psi_max,variance_shift,2.0,22,11,2000,0.6703,0.5481,0.7877
psi_max,variance_shift,4.0,22,11,2000,0.6897,0.587,0.7957
psi_max_thinned,correlation_break,0.0,22,11,2000,0.507,0.368,0.6371
psi_max_thinned,gradual_shift,0.5,22,11,2000,0.6883,0.5935,0.7778
psi_max_thinned,gradual_shift,1.0,22,11,2000,0.7417,0.6654,0.8202
psi_max_thinned,gradual_shift,2.0,22,11,2000,0.7568,0.6711,0.834
psi_max_thinned,gradual_shift,4.0,22,11,2000,0.8076,0.7378,0.8701
psi_max_thinned,incremental_shift,0.5,22,11,2000,0.6244,0.5059,0.7437
psi_max_thinned,incremental_shift,1.0,22,11,2000,0.6881,0.5711,0.7986
psi_max_thinned,incremental_shift,2.0,22,11,2000,0.7262,0.6025,0.8334
psi_max_thinned,incremental_shift,4.0,22,11,2000,0.8752,0.7869,0.9432
psi_max_thinned,sudden_shift,0.5,22,11,2000,0.6743,0.5377,0.7985
psi_max_thinned,sudden_shift,1.0,22,11,2000,0.7822,0.6375,0.911
psi_max_thinned,sudden_shift,2.0,22,11,2000,0.8822,0.7703,0.971
psi_max_thinned,sudden_shift,4.0,22,11,2000,0.9542,0.8914,0.9993
psi_max_thinned,variance_shift,0.5,22,11,2000,0.5714,0.4706,0.68
psi_max_thinned,variance_shift,1.0,22,11,2000,0.7139,0.5904,0.8298
psi_max_thinned,variance_shift,2.0,22,11,2000,0.7139,0.6033,0.8174
psi_max_thinned,variance_shift,4.0,22,11,2000,0.7348,0.633,0.8378
random,correlation_break,0.0,22,11,2000,0.4683,0.4253,0.5106
random,gradual_shift,0.5,22,11,2000,0.4759,0.4125,0.5384
random,gradual_shift,1.0,22,11,2000,0.4552,0.4131,0.4961
random,gradual_shift,2.0,22,11,2000,0.457,0.4002,0.5124
random,gradual_shift,4.0,22,11,2000,0.4237,0.3748,0.4765
random,incremental_shift,0.5,22,11,2000,0.4929,0.4351,0.5463
random,incremental_shift,1.0,22,11,2000,0.4438,0.3898,0.4978
random,incremental_shift,2.0,22,11,2000,0.471,0.4229,0.5199
random,incremental_shift,4.0,22,11,2000,0.5235,0.473,0.5721
random,sudden_shift,0.5,22,11,2000,0.4901,0.4365,0.5412
random,sudden_shift,1.0,22,11,2000,0.46,0.4223,0.5022
random,sudden_shift,2.0,22,11,2000,0.4294,0.3738,0.489
random,sudden_shift,4.0,22,11,2000,0.4842,0.4324,0.5341
random,variance_shift,0.5,22,11,2000,0.4759,0.4273,0.5227
random,variance_shift,1.0,22,11,2000,0.3959,0.3498,0.4442
random,variance_shift,2.0,22,11,2000,0.4527,0.3967,0.512
random,variance_shift,4.0,22,11,2000,0.4438,0.4022,0.4862
wasserstein_max,correlation_break,0.0,22,11,2000,0.6195,0.5365,0.7035
wasserstein_max,gradual_shift,0.5,22,11,2000,0.6924,0.5848,0.8001
wasserstein_max,gradual_shift,1.0,22,11,2000,0.7376,0.6384,0.8275
wasserstein_max,gradual_shift,2.0,22,11,2000,0.7965,0.6976,0.8839
wasserstein_max,gradual_shift,4.0,22,11,2000,0.9171,0.8764,0.9542
wasserstein_max,incremental_shift,0.5,22,11,2000,0.7127,0.6284,0.7953
wasserstein_max,incremental_shift,1.0,22,11,2000,0.7446,0.6426,0.8437
wasserstein_max,incremental_shift,2.0,22,11,2000,0.7539,0.6526,0.8478
wasserstein_max,incremental_shift,4.0,22,11,2000,0.8519,0.7835,0.918
wasserstein_max,sudden_shift,0.5,22,11,2000,0.7374,0.6589,0.8158
wasserstein_max,sudden_shift,1.0,22,11,2000,0.678,0.5653,0.7877
wasserstein_max,sudden_shift,2.0,22,11,2000,0.8231,0.7283,0.9079
wasserstein_max,sudden_shift,4.0,22,11,2000,0.9726,0.9409,0.9951
wasserstein_max,variance_shift,0.5,22,11,2000,0.7305,0.6489,0.8082
wasserstein_max,variance_shift,1.0,22,11,2000,0.7884,0.6861,0.8791
wasserstein_max,variance_shift,2.0,22,11,2000,0.9034,0.846,0.9523
wasserstein_max,variance_shift,4.0,22,11,2000,0.9663,0.9442,0.9844
wasserstein_max_thinned,correlation_break,0.0,22,11,2000,0.5476,0.4669,0.6236
wasserstein_max_thinned,gradual_shift,0.5,22,11,2000,0.6786,0.583,0.7744
wasserstein_max_thinned,gradual_shift,1.0,22,11,2000,0.7056,0.628,0.7788
wasserstein_max_thinned,gradual_shift,2.0,22,11,2000,0.7821,0.685,0.8695
wasserstein_max_thinned,gradual_shift,4.0,22,11,2000,0.8811,0.821,0.9353
wasserstein_max_thinned,incremental_shift,0.5,22,11,2000,0.6664,0.553,0.7685
wasserstein_max_thinned,incremental_shift,1.0,22,11,2000,0.7119,0.6213,0.804
wasserstein_max_thinned,incremental_shift,2.0,22,11,2000,0.6832,0.6071,0.7573
wasserstein_max_thinned,incremental_shift,4.0,22,11,2000,0.8078,0.7386,0.8716
wasserstein_max_thinned,sudden_shift,0.5,22,11,2000,0.6437,0.5739,0.7184
wasserstein_max_thinned,sudden_shift,1.0,22,11,2000,0.7313,0.617,0.8328
wasserstein_max_thinned,sudden_shift,2.0,22,11,2000,0.7752,0.6778,0.8628
wasserstein_max_thinned,sudden_shift,4.0,22,11,2000,0.8687,0.8007,0.926
wasserstein_max_thinned,variance_shift,0.5,22,11,2000,0.6402,0.5548,0.7188
wasserstein_max_thinned,variance_shift,1.0,22,11,2000,0.7102,0.6376,0.7782
wasserstein_max_thinned,variance_shift,2.0,22,11,2000,0.7981,0.7563,0.8409
wasserstein_max_thinned,variance_shift,4.0,22,11,2000,0.8766,0.8082,0.9377
