detector,scenario,magnitude,saturated,oracle_threshold,achieved_stream_fpr,n_streams,recall,recall_lo,recall_hi
c2st,correlation_break,0.0,True,,,22,,,
c2st,gradual_shift,0.5,True,,,22,,,
c2st,gradual_shift,1.0,True,,,22,,,
c2st,gradual_shift,2.0,True,,,22,,,
c2st,gradual_shift,4.0,True,,,22,,,
c2st,incremental_shift,0.5,True,,,22,,,
c2st,incremental_shift,1.0,True,,,22,,,
c2st,incremental_shift,2.0,True,,,22,,,
c2st,incremental_shift,4.0,True,,,22,,,
c2st,sudden_shift,0.5,True,,,22,,,
c2st,sudden_shift,1.0,True,,,22,,,
c2st,sudden_shift,2.0,True,,,22,,,
c2st,sudden_shift,4.0,True,,,22,,,
c2st,variance_shift,0.5,True,,,22,,,
c2st,variance_shift,1.0,True,,,22,,,
c2st,variance_shift,2.0,True,,,22,,,
c2st,variance_shift,4.0,True,,,22,,,
c2st_thinned,correlation_break,0.0,True,,,22,,,
c2st_thinned,gradual_shift,0.5,True,,,22,,,
c2st_thinned,gradual_shift,1.0,True,,,22,,,
c2st_thinned,gradual_shift,2.0,True,,,22,,,
c2st_thinned,gradual_shift,4.0,True,,,22,,,
c2st_thinned,incremental_shift,0.5,True,,,22,,,
c2st_thinned,incremental_shift,1.0,True,,,22,,,
c2st_thinned,incremental_shift,2.0,True,,,22,,,
c2st_thinned,incremental_shift,4.0,True,,,22,,,
c2st_thinned,sudden_shift,0.5,True,,,22,,,
c2st_thinned,sudden_shift,1.0,True,,,22,,,
c2st_thinned,sudden_shift,2.0,True,,,22,,,
c2st_thinned,sudden_shift,4.0,True,,,22,,,
c2st_thinned,variance_shift,0.5,True,,,22,,,
c2st_thinned,variance_shift,1.0,True,,,22,,,
c2st_thinned,variance_shift,2.0,True,,,22,,,
c2st_thinned,variance_shift,4.0,True,,,22,,,
iforest_mean,correlation_break,0.0,False,0.043104,0.0985,22,0.4091,0.2273,0.5909
iforest_mean,gradual_shift,0.5,False,0.043104,0.0985,22,0.5,0.2727,0.7273
iforest_mean,gradual_shift,1.0,False,0.043104,0.0985,22,0.9545,0.8636,1.0
iforest_mean,gradual_shift,2.0,False,0.043104,0.0985,22,1.0,1.0,1.0
iforest_mean,gradual_shift,4.0,False,0.043104,0.0985,22,1.0,1.0,1.0
iforest_mean,incremental_shift,0.5,False,0.043104,0.0985,22,0.4091,0.2273,0.6364
iforest_mean,incremental_shift,1.0,False,0.043104,0.0985,22,0.5455,0.3182,0.7727
iforest_mean,incremental_shift,2.0,False,0.043104,0.0985,22,0.9091,0.7727,1.0
iforest_mean,incremental_shift,4.0,False,0.043104,0.0985,22,1.0,1.0,1.0
iforest_mean,sudden_shift,0.5,False,0.043104,0.0985,22,0.5,0.2727,0.7273
iforest_mean,sudden_shift,1.0,False,0.043104,0.0985,22,0.7727,0.5909,0.9545
iforest_mean,sudden_shift,2.0,False,0.043104,0.0985,22,1.0,1.0,1.0
iforest_mean,sudden_shift,4.0,False,0.043104,0.0985,22,1.0,1.0,1.0
iforest_mean,variance_shift,0.5,False,0.043104,0.0985,22,0.3182,0.1364,0.5
iforest_mean,variance_shift,1.0,False,0.043104,0.0985,22,0.5,0.2727,0.7273
iforest_mean,variance_shift,2.0,False,0.043104,0.0985,22,0.7727,0.5909,0.9545
iforest_mean,variance_shift,4.0,False,0.043104,0.0985,22,0.9545,0.8636,1.0
js_max,correlation_break,0.0,False,0.967218,0.0833,22,0.0909,0.0,0.2273
js_max,gradual_shift,0.5,False,0.967218,0.0833,22,0.0455,0.0,0.1364
js_max,gradual_shift,1.0,False,0.967218,0.0833,22,0.0909,0.0,0.2273
js_max,gradual_shift,2.0,False,0.967218,0.0833,22,0.0909,0.0,0.2273
js_max,gradual_shift,4.0,False,0.967218,0.0833,22,0.1364,0.0,0.3182
js_max,incremental_shift,0.5,False,0.967218,0.0833,22,0.0909,0.0,0.2273
js_max,incremental_shift,1.0,False,0.967218,0.0833,22,0.2273,0.0455,0.4091
js_max,incremental_shift,2.0,False,0.967218,0.0833,22,0.1364,0.0,0.3182
js_max,incremental_shift,4.0,False,0.967218,0.0833,22,0.5,0.3182,0.7273
js_max,sudden_shift,0.5,False,0.967218,0.0833,22,0.3182,0.1364,0.5
js_max,sudden_shift,1.0,False,0.967218,0.0833,22,0.3636,0.1818,0.5466
js_max,sudden_shift,2.0,False,0.967218,0.0833,22,0.4545,0.2727,0.6818
js_max,sudden_shift,4.0,False,0.967218,0.0833,22,0.8182,0.6364,0.9545
js_max,variance_shift,0.5,False,0.967218,0.0833,22,0.1818,0.0455,0.3636
js_max,variance_shift,1.0,False,0.967218,0.0833,22,0.1364,0.0,0.2727
js_max,variance_shift,2.0,False,0.967218,0.0833,22,0.0909,0.0,0.2273
js_max,variance_shift,4.0,False,0.967218,0.0833,22,0.1818,0.0455,0.3636
js_max_thinned,correlation_break,0.0,False,0.92664,0.0833,22,0.1818,0.0455,0.3636
js_max_thinned,gradual_shift,0.5,False,0.92664,0.0833,22,0.2727,0.0909,0.4545
js_max_thinned,gradual_shift,1.0,False,0.92664,0.0833,22,0.2727,0.0909,0.4545
js_max_thinned,gradual_shift,2.0,False,0.92664,0.0833,22,0.4091,0.2273,0.6364
js_max_thinned,gradual_shift,4.0,False,0.92664,0.0833,22,0.3636,0.1818,0.5455
js_max_thinned,incremental_shift,0.5,False,0.92664,0.0833,22,0.3182,0.1364,0.5455
js_max_thinned,incremental_shift,1.0,False,0.92664,0.0833,22,0.5,0.2727,0.7273
js_max_thinned,incremental_shift,2.0,False,0.92664,0.0833,22,0.4091,0.2273,0.6364
js_max_thinned,incremental_shift,4.0,False,0.92664,0.0833,22,0.5,0.2727,0.7273
js_max_thinned,sudden_shift,0.5,False,0.92664,0.0833,22,0.4091,0.1818,0.592
js_max_thinned,sudden_shift,1.0,False,0.92664,0.0833,22,0.5455,0.3182,0.7727
js_max_thinned,sudden_shift,2.0,False,0.92664,0.0833,22,0.5455,0.3182,0.7727
js_max_thinned,sudden_shift,4.0,False,0.92664,0.0833,22,0.6364,0.4091,0.8182
js_max_thinned,variance_shift,0.5,False,0.92664,0.0833,22,0.4545,0.2273,0.6818
js_max_thinned,variance_shift,1.0,False,0.92664,0.0833,22,0.4545,0.2273,0.6818
js_max_thinned,variance_shift,2.0,False,0.92664,0.0833,22,0.4091,0.2273,0.6364
js_max_thinned,variance_shift,4.0,False,0.92664,0.0833,22,0.3182,0.1364,0.5455
ks_bonferroni,correlation_break,0.0,True,,,22,,,
ks_bonferroni,gradual_shift,0.5,True,,,22,,,
ks_bonferroni,gradual_shift,1.0,True,,,22,,,
ks_bonferroni,gradual_shift,2.0,True,,,22,,,
ks_bonferroni,gradual_shift,4.0,True,,,22,,,
ks_bonferroni,incremental_shift,0.5,True,,,22,,,
ks_bonferroni,incremental_shift,1.0,True,,,22,,,
ks_bonferroni,incremental_shift,2.0,True,,,22,,,
ks_bonferroni,incremental_shift,4.0,True,,,22,,,
ks_bonferroni,sudden_shift,0.5,True,,,22,,,
ks_bonferroni,sudden_shift,1.0,True,,,22,,,
ks_bonferroni,sudden_shift,2.0,True,,,22,,,
ks_bonferroni,sudden_shift,4.0,True,,,22,,,
ks_bonferroni,variance_shift,0.5,True,,,22,,,
ks_bonferroni,variance_shift,1.0,True,,,22,,,
ks_bonferroni,variance_shift,2.0,True,,,22,,,
ks_bonferroni,variance_shift,4.0,True,,,22,,,
ks_max,correlation_break,0.0,True,,,22,,,
ks_max,gradual_shift,0.5,True,,,22,,,
ks_max,gradual_shift,1.0,True,,,22,,,
ks_max,gradual_shift,2.0,True,,,22,,,
ks_max,gradual_shift,4.0,True,,,22,,,
ks_max,incremental_shift,0.5,True,,,22,,,
ks_max,incremental_shift,1.0,True,,,22,,,
ks_max,incremental_shift,2.0,True,,,22,,,
ks_max,incremental_shift,4.0,True,,,22,,,
ks_max,sudden_shift,0.5,True,,,22,,,
ks_max,sudden_shift,1.0,True,,,22,,,
ks_max,sudden_shift,2.0,True,,,22,,,
ks_max,sudden_shift,4.0,True,,,22,,,
ks_max,variance_shift,0.5,True,,,22,,,
ks_max,variance_shift,1.0,True,,,22,,,
ks_max,variance_shift,2.0,True,,,22,,,
ks_max,variance_shift,4.0,True,,,22,,,
ks_max_thinned,correlation_break,0.0,True,,,22,,,
ks_max_thinned,gradual_shift,0.5,True,,,22,,,
ks_max_thinned,gradual_shift,1.0,True,,,22,,,
ks_max_thinned,gradual_shift,2.0,True,,,22,,,
ks_max_thinned,gradual_shift,4.0,True,,,22,,,
ks_max_thinned,incremental_shift,0.5,True,,,22,,,
ks_max_thinned,incremental_shift,1.0,True,,,22,,,
ks_max_thinned,incremental_shift,2.0,True,,,22,,,
ks_max_thinned,incremental_shift,4.0,True,,,22,,,
ks_max_thinned,sudden_shift,0.5,True,,,22,,,
ks_max_thinned,sudden_shift,1.0,True,,,22,,,
ks_max_thinned,sudden_shift,2.0,True,,,22,,,
ks_max_thinned,sudden_shift,4.0,True,,,22,,,
ks_max_thinned,variance_shift,0.5,True,,,22,,,
ks_max_thinned,variance_shift,1.0,True,,,22,,,
ks_max_thinned,variance_shift,2.0,True,,,22,,,
ks_max_thinned,variance_shift,4.0,True,,,22,,,
pca_recon,correlation_break,0.0,False,125.666438,0.0947,22,0.1818,0.0455,0.3636
pca_recon,gradual_shift,0.5,False,125.666438,0.0947,22,0.2727,0.0909,0.4545
pca_recon,gradual_shift,1.0,False,125.666438,0.0947,22,0.2273,0.0909,0.4091
pca_recon,gradual_shift,2.0,False,125.666438,0.0947,22,0.1364,0.0,0.2727
pca_recon,gradual_shift,4.0,False,125.666438,0.0947,22,0.1818,0.0455,0.3636
pca_recon,incremental_shift,0.5,False,125.666438,0.0947,22,0.2727,0.0909,0.4545
pca_recon,incremental_shift,1.0,False,125.666438,0.0947,22,0.1818,0.0455,0.3636
pca_recon,incremental_shift,2.0,False,125.666438,0.0947,22,0.2727,0.0909,0.4545
pca_recon,incremental_shift,4.0,False,125.666438,0.0947,22,0.3182,0.1364,0.5
pca_recon,sudden_shift,0.5,False,125.666438,0.0947,22,0.3182,0.1364,0.5
pca_recon,sudden_shift,1.0,False,125.666438,0.0947,22,0.2727,0.0909,0.4545
pca_recon,sudden_shift,2.0,False,125.666438,0.0947,22,0.1818,0.0455,0.3636
pca_recon,sudden_shift,4.0,False,125.666438,0.0947,22,0.2273,0.0909,0.4091
pca_recon,variance_shift,0.5,False,125.666438,0.0947,22,0.2273,0.0455,0.4091
pca_recon,variance_shift,1.0,False,125.666438,0.0947,22,0.3182,0.1364,0.5
pca_recon,variance_shift,2.0,False,125.666438,0.0947,22,0.2727,0.0909,0.4545
pca_recon,variance_shift,4.0,False,125.666438,0.0947,22,0.3182,0.1364,0.5
psi_max,correlation_break,0.0,False,20.235773,0.0833,22,0.2273,0.0455,0.4091
psi_max,gradual_shift,0.5,False,20.235773,0.0833,22,0.1818,0.0455,0.3636
psi_max,gradual_shift,1.0,False,20.235773,0.0833,22,0.2727,0.0909,0.4545
psi_max,gradual_shift,2.0,False,20.235773,0.0833,22,0.2273,0.0455,0.4091
psi_max,gradual_shift,4.0,False,20.235773,0.0833,22,0.2727,0.0909,0.4545
psi_max,incremental_shift,0.5,False,20.235773,0.0833,22,0.3182,0.1364,0.5
psi_max,incremental_shift,1.0,False,20.235773,0.0833,22,0.3182,0.1364,0.5455
psi_max,incremental_shift,2.0,False,20.235773,0.0833,22,0.3636,0.1818,0.5909
psi_max,incremental_shift,4.0,False,20.235773,0.0833,22,0.4091,0.2273,0.6364
psi_max,sudden_shift,0.5,False,20.235773,0.0833,22,0.2727,0.0909,0.4545
psi_max,sudden_shift,1.0,False,20.235773,0.0833,22,0.4545,0.2727,0.6818
psi_max,sudden_shift,2.0,False,20.235773,0.0833,22,0.6364,0.4545,0.8182
psi_max,sudden_shift,4.0,False,20.235773,0.0833,22,1.0,1.0,1.0
psi_max,variance_shift,0.5,False,20.235773,0.0833,22,0.1364,0.0,0.2727
psi_max,variance_shift,1.0,False,20.235773,0.0833,22,0.2273,0.0455,0.4091
psi_max,variance_shift,2.0,False,20.235773,0.0833,22,0.2273,0.0455,0.4091
psi_max,variance_shift,4.0,False,20.235773,0.0833,22,0.4091,0.2273,0.6364
psi_max_thinned,correlation_break,0.0,False,20.62762,0.0909,22,0.0455,0.0,0.1364
psi_max_thinned,gradual_shift,0.5,False,20.62762,0.0909,22,0.3182,0.1364,0.5011
psi_max_thinned,gradual_shift,1.0,False,20.62762,0.0909,22,0.3182,0.1364,0.5
psi_max_thinned,gradual_shift,2.0,False,20.62762,0.0909,22,0.3182,0.1364,0.5
psi_max_thinned,gradual_shift,4.0,False,20.62762,0.0909,22,0.6364,0.4091,0.8182
psi_max_thinned,incremental_shift,0.5,False,20.62762,0.0909,22,0.2727,0.0909,0.4545
psi_max_thinned,incremental_shift,1.0,False,20.62762,0.0909,22,0.1818,0.0455,0.3636
psi_max_thinned,incremental_shift,2.0,False,20.62762,0.0909,22,0.1818,0.0455,0.3636
psi_max_thinned,incremental_shift,4.0,False,20.62762,0.0909,22,0.5,0.2727,0.7273
psi_max_thinned,sudden_shift,0.5,False,20.62762,0.0909,22,0.1818,0.0455,0.3636
psi_max_thinned,sudden_shift,1.0,False,20.62762,0.0909,22,0.2273,0.0455,0.4091
psi_max_thinned,sudden_shift,2.0,False,20.62762,0.0909,22,0.3182,0.1364,0.5
psi_max_thinned,sudden_shift,4.0,False,20.62762,0.0909,22,0.4545,0.2273,0.6375
psi_max_thinned,variance_shift,0.5,False,20.62762,0.0909,22,0.1364,0.0,0.2727
psi_max_thinned,variance_shift,1.0,False,20.62762,0.0909,22,0.3182,0.1364,0.5
psi_max_thinned,variance_shift,2.0,False,20.62762,0.0909,22,0.0909,0.0,0.2273
psi_max_thinned,variance_shift,4.0,False,20.62762,0.0909,22,0.1818,0.0455,0.3636
random,correlation_break,0.0,False,0.970085,0.0947,22,0.0455,0.0,0.1364
random,gradual_shift,0.5,False,0.970085,0.0947,22,0.0,0.0,0.0
random,gradual_shift,1.0,False,0.970085,0.0947,22,0.1364,0.0,0.2727
random,gradual_shift,2.0,False,0.970085,0.0947,22,0.1364,0.0,0.2727
random,gradual_shift,4.0,False,0.970085,0.0947,22,0.0909,0.0,0.2273
random,incremental_shift,0.5,False,0.970085,0.0947,22,0.1818,0.0455,0.3636
random,incremental_shift,1.0,False,0.970085,0.0947,22,0.0455,0.0,0.1364
random,incremental_shift,2.0,False,0.970085,0.0947,22,0.1364,0.0,0.3182
random,incremental_shift,4.0,False,0.970085,0.0947,22,0.0909,0.0,0.2273
random,sudden_shift,0.5,False,0.970085,0.0947,22,0.3636,0.1818,0.5909
random,sudden_shift,1.0,False,0.970085,0.0947,22,0.0909,0.0,0.2273
random,sudden_shift,2.0,False,0.970085,0.0947,22,0.1818,0.0455,0.3636
random,sudden_shift,4.0,False,0.970085,0.0947,22,0.1364,0.0,0.2727
random,variance_shift,0.5,False,0.970085,0.0947,22,0.2273,0.0455,0.4091
random,variance_shift,1.0,False,0.970085,0.0947,22,0.0909,0.0,0.2273
random,variance_shift,2.0,False,0.970085,0.0947,22,0.1364,0.0,0.2727
random,variance_shift,4.0,False,0.970085,0.0947,22,0.1364,0.0,0.2727
wasserstein_max,correlation_break,0.0,False,5.215019,0.0871,22,0.0909,0.0,0.2273
wasserstein_max,gradual_shift,0.5,False,5.215019,0.0871,22,0.2273,0.0455,0.4091
wasserstein_max,gradual_shift,1.0,False,5.215019,0.0871,22,0.1818,0.0455,0.3636
wasserstein_max,gradual_shift,2.0,False,5.215019,0.0871,22,0.3636,0.1818,0.5909
wasserstein_max,gradual_shift,4.0,False,5.215019,0.0871,22,0.5455,0.3182,0.7727
wasserstein_max,incremental_shift,0.5,False,5.215019,0.0871,22,0.2273,0.0455,0.4091
wasserstein_max,incremental_shift,1.0,False,5.215019,0.0871,22,0.2273,0.0898,0.4091
wasserstein_max,incremental_shift,2.0,False,5.215019,0.0871,22,0.1818,0.0455,0.3636
wasserstein_max,incremental_shift,4.0,False,5.215019,0.0871,22,0.3636,0.1818,0.5909
wasserstein_max,sudden_shift,0.5,False,5.215019,0.0871,22,0.1364,0.0,0.3182
wasserstein_max,sudden_shift,1.0,False,5.215019,0.0871,22,0.0909,0.0,0.2273
wasserstein_max,sudden_shift,2.0,False,5.215019,0.0871,22,0.2273,0.0909,0.4091
wasserstein_max,sudden_shift,4.0,False,5.215019,0.0871,22,0.5455,0.3182,0.7727
wasserstein_max,variance_shift,0.5,False,5.215019,0.0871,22,0.2727,0.0909,0.4545
wasserstein_max,variance_shift,1.0,False,5.215019,0.0871,22,0.3636,0.1818,0.5455
wasserstein_max,variance_shift,2.0,False,5.215019,0.0871,22,0.3636,0.1818,0.5455
wasserstein_max,variance_shift,4.0,False,5.215019,0.0871,22,0.5909,0.408,0.8182
wasserstein_max_thinned,correlation_break,0.0,False,22.015196,0.0871,22,0.1364,0.0,0.2727
wasserstein_max_thinned,gradual_shift,0.5,False,22.015196,0.0871,22,0.2727,0.0909,0.4545
wasserstein_max_thinned,gradual_shift,1.0,False,22.015196,0.0871,22,0.0909,0.0,0.2273
wasserstein_max_thinned,gradual_shift,2.0,False,22.015196,0.0871,22,0.1818,0.0455,0.3636
wasserstein_max_thinned,gradual_shift,4.0,False,22.015196,0.0871,22,0.2273,0.0909,0.4091
wasserstein_max_thinned,incremental_shift,0.5,False,22.015196,0.0871,22,0.2273,0.0455,0.4091
wasserstein_max_thinned,incremental_shift,1.0,False,22.015196,0.0871,22,0.1818,0.0455,0.3636
wasserstein_max_thinned,incremental_shift,2.0,False,22.015196,0.0871,22,0.0909,0.0,0.2273
wasserstein_max_thinned,incremental_shift,4.0,False,22.015196,0.0871,22,0.2727,0.0909,0.4545
wasserstein_max_thinned,sudden_shift,0.5,False,22.015196,0.0871,22,0.2273,0.0455,0.4091
wasserstein_max_thinned,sudden_shift,1.0,False,22.015196,0.0871,22,0.2727,0.0909,0.4545
wasserstein_max_thinned,sudden_shift,2.0,False,22.015196,0.0871,22,0.2727,0.0909,0.4545
wasserstein_max_thinned,sudden_shift,4.0,False,22.015196,0.0871,22,0.0455,0.0,0.1364
wasserstein_max_thinned,variance_shift,0.5,False,22.015196,0.0871,22,0.1364,0.0,0.2727
wasserstein_max_thinned,variance_shift,1.0,False,22.015196,0.0871,22,0.2273,0.0909,0.4091
wasserstein_max_thinned,variance_shift,2.0,False,22.015196,0.0871,22,0.0909,0.0,0.2273
wasserstein_max_thinned,variance_shift,4.0,False,22.015196,0.0871,22,0.2727,0.0909,0.4545
