scenario,magnitude,detector,baseline,recall,baseline_recall,verdict
correlation_break,0.0,c2st,ks_max,0.409,0.5,inconclusive
correlation_break,0.0,c2st_thinned,ks_max,0.409,0.5,inconclusive
correlation_break,0.0,iforest_mean,ks_max,0.636,0.5,inconclusive
correlation_break,0.0,js_max,ks_max,0.545,0.5,inconclusive
correlation_break,0.0,js_max_thinned,ks_max,0.364,0.5,inconclusive
correlation_break,0.0,ks_bonferroni,ks_max,0.0,0.5,worse
correlation_break,0.0,ks_max_thinned,ks_max,0.5,0.5,inconclusive
correlation_break,0.0,pca_recon,ks_max,0.727,0.5,inconclusive
correlation_break,0.0,psi_max,ks_max,0.727,0.5,inconclusive
correlation_break,0.0,psi_max_thinned,ks_max,0.409,0.5,inconclusive
correlation_break,0.0,random,ks_max,0.455,0.5,inconclusive
correlation_break,0.0,wasserstein_max,ks_max,0.636,0.5,inconclusive
correlation_break,0.0,wasserstein_max_thinned,ks_max,0.591,0.5,inconclusive
gradual_shift,0.5,c2st,ks_max,0.682,0.727,inconclusive
gradual_shift,0.5,c2st_thinned,ks_max,0.682,0.727,inconclusive
gradual_shift,0.5,iforest_mean,ks_max,0.727,0.727,inconclusive
gradual_shift,0.5,js_max,ks_max,0.545,0.727,inconclusive
gradual_shift,0.5,js_max_thinned,ks_max,0.773,0.727,inconclusive
gradual_shift,0.5,ks_bonferroni,ks_max,0.0,0.727,worse
gradual_shift,0.5,ks_max_thinned,ks_max,0.727,0.727,inconclusive
gradual_shift,0.5,pca_recon,ks_max,0.636,0.727,inconclusive
gradual_shift,0.5,psi_max,ks_max,0.682,0.727,inconclusive
gradual_shift,0.5,psi_max_thinned,ks_max,0.682,0.727,inconclusive
gradual_shift,0.5,random,ks_max,0.455,0.727,inconclusive
gradual_shift,0.5,wasserstein_max,ks_max,0.591,0.727,inconclusive
gradual_shift,0.5,wasserstein_max_thinned,ks_max,0.682,0.727,inconclusive
gradual_shift,1.0,c2st,ks_max,0.727,0.773,inconclusive
gradual_shift,1.0,c2st_thinned,ks_max,0.727,0.773,inconclusive
gradual_shift,1.0,iforest_mean,ks_max,0.909,0.773,inconclusive
gradual_shift,1.0,js_max,ks_max,0.682,0.773,inconclusive
gradual_shift,1.0,js_max_thinned,ks_max,0.818,0.773,inconclusive
gradual_shift,1.0,ks_bonferroni,ks_max,0.0,0.773,worse
gradual_shift,1.0,ks_max_thinned,ks_max,0.773,0.773,inconclusive
gradual_shift,1.0,pca_recon,ks_max,0.727,0.773,inconclusive
gradual_shift,1.0,psi_max,ks_max,0.818,0.773,inconclusive
gradual_shift,1.0,psi_max_thinned,ks_max,0.591,0.773,inconclusive
gradual_shift,1.0,random,ks_max,0.5,0.773,inconclusive
gradual_shift,1.0,wasserstein_max,ks_max,0.636,0.773,inconclusive
gradual_shift,1.0,wasserstein_max_thinned,ks_max,0.682,0.773,inconclusive
gradual_shift,2.0,c2st,ks_max,0.727,0.773,inconclusive
gradual_shift,2.0,c2st_thinned,ks_max,0.773,0.773,inconclusive
gradual_shift,2.0,iforest_mean,ks_max,0.955,0.773,inconclusive
gradual_shift,2.0,js_max,ks_max,0.682,0.773,inconclusive
gradual_shift,2.0,js_max_thinned,ks_max,0.864,0.773,inconclusive
gradual_shift,2.0,ks_bonferroni,ks_max,0.0,0.773,worse
gradual_shift,2.0,ks_max_thinned,ks_max,0.727,0.773,inconclusive
gradual_shift,2.0,pca_recon,ks_max,0.727,0.773,inconclusive
gradual_shift,2.0,psi_max,ks_max,0.682,0.773,inconclusive
gradual_shift,2.0,psi_max_thinned,ks_max,0.591,0.773,inconclusive
gradual_shift,2.0,random,ks_max,0.682,0.773,inconclusive
gradual_shift,2.0,wasserstein_max,ks_max,0.545,0.773,inconclusive
gradual_shift,2.0,wasserstein_max_thinned,ks_max,0.591,0.773,inconclusive
gradual_shift,4.0,c2st,ks_max,0.727,0.818,inconclusive
gradual_shift,4.0,c2st_thinned,ks_max,0.818,0.818,inconclusive
gradual_shift,4.0,iforest_mean,ks_max,1.0,0.818,better
gradual_shift,4.0,js_max,ks_max,0.864,0.818,inconclusive
gradual_shift,4.0,js_max_thinned,ks_max,0.864,0.818,inconclusive
gradual_shift,4.0,ks_bonferroni,ks_max,0.0,0.818,worse
gradual_shift,4.0,ks_max_thinned,ks_max,0.818,0.818,inconclusive
gradual_shift,4.0,pca_recon,ks_max,0.818,0.818,inconclusive
gradual_shift,4.0,psi_max,ks_max,0.773,0.818,inconclusive
gradual_shift,4.0,psi_max_thinned,ks_max,0.864,0.818,inconclusive
gradual_shift,4.0,random,ks_max,0.5,0.818,inconclusive
gradual_shift,4.0,wasserstein_max,ks_max,0.864,0.818,inconclusive
gradual_shift,4.0,wasserstein_max_thinned,ks_max,0.818,0.818,inconclusive
incremental_shift,0.5,c2st,ks_max,0.727,0.818,inconclusive
incremental_shift,0.5,c2st_thinned,ks_max,0.727,0.818,inconclusive
incremental_shift,0.5,iforest_mean,ks_max,0.636,0.818,inconclusive
incremental_shift,0.5,js_max,ks_max,0.591,0.818,inconclusive
incremental_shift,0.5,js_max_thinned,ks_max,0.773,0.818,inconclusive
incremental_shift,0.5,ks_bonferroni,ks_max,0.0,0.818,worse
incremental_shift,0.5,ks_max_thinned,ks_max,0.727,0.818,inconclusive
incremental_shift,0.5,pca_recon,ks_max,0.545,0.818,inconclusive
incremental_shift,0.5,psi_max,ks_max,0.773,0.818,inconclusive
incremental_shift,0.5,psi_max_thinned,ks_max,0.636,0.818,inconclusive
incremental_shift,0.5,random,ks_max,0.455,0.818,inconclusive
incremental_shift,0.5,wasserstein_max,ks_max,0.727,0.818,inconclusive
incremental_shift,0.5,wasserstein_max_thinned,ks_max,0.636,0.818,inconclusive
incremental_shift,1.0,c2st,ks_max,0.682,0.818,inconclusive
incremental_shift,1.0,c2st_thinned,ks_max,0.818,0.818,inconclusive
incremental_shift,1.0,iforest_mean,ks_max,0.773,0.818,inconclusive
incremental_shift,1.0,js_max,ks_max,0.591,0.818,inconclusive
incremental_shift,1.0,js_max_thinned,ks_max,0.864,0.818,inconclusive
incremental_shift,1.0,ks_bonferroni,ks_max,0.0,0.818,worse
incremental_shift,1.0,ks_max_thinned,ks_max,0.818,0.818,inconclusive
incremental_shift,1.0,pca_recon,ks_max,0.636,0.818,inconclusive
incremental_shift,1.0,psi_max,ks_max,0.773,0.818,inconclusive
incremental_shift,1.0,psi_max_thinned,ks_max,0.591,0.818,inconclusive
incremental_shift,1.0,random,ks_max,0.455,0.818,inconclusive
incremental_shift,1.0,wasserstein_max,ks_max,0.636,0.818,inconclusive
incremental_shift,1.0,wasserstein_max_thinned,ks_max,0.636,0.818,inconclusive
incremental_shift,2.0,c2st,ks_max,0.727,0.773,inconclusive
incremental_shift,2.0,c2st_thinned,ks_max,0.818,0.773,inconclusive
incremental_shift,2.0,iforest_mean,ks_max,0.955,0.773,inconclusive
incremental_shift,2.0,js_max,ks_max,0.591,0.773,inconclusive
incremental_shift,2.0,js_max_thinned,ks_max,0.818,0.773,inconclusive
incremental_shift,2.0,ks_bonferroni,ks_max,0.0,0.773,worse
incremental_shift,2.0,ks_max_thinned,ks_max,0.727,0.773,inconclusive
incremental_shift,2.0,pca_recon,ks_max,0.773,0.773,inconclusive
incremental_shift,2.0,psi_max,ks_max,0.773,0.773,inconclusive
incremental_shift,2.0,psi_max_thinned,ks_max,0.636,0.773,inconclusive
incremental_shift,2.0,random,ks_max,0.5,0.773,inconclusive
incremental_shift,2.0,wasserstein_max,ks_max,0.591,0.773,inconclusive
incremental_shift,2.0,wasserstein_max_thinned,ks_max,0.545,0.773,inconclusive
incremental_shift,4.0,c2st,ks_max,0.727,0.864,inconclusive
incremental_shift,4.0,c2st_thinned,ks_max,0.818,0.864,inconclusive
incremental_shift,4.0,iforest_mean,ks_max,1.0,0.864,inconclusive
incremental_shift,4.0,js_max,ks_max,0.773,0.864,inconclusive
incremental_shift,4.0,js_max_thinned,ks_max,0.864,0.864,inconclusive
incremental_shift,4.0,ks_bonferroni,ks_max,0.0,0.864,worse
incremental_shift,4.0,ks_max_thinned,ks_max,0.773,0.864,inconclusive
incremental_shift,4.0,pca_recon,ks_max,0.818,0.864,inconclusive
incremental_shift,4.0,psi_max,ks_max,0.864,0.864,inconclusive
incremental_shift,4.0,psi_max_thinned,ks_max,0.727,0.864,inconclusive
incremental_shift,4.0,random,ks_max,0.409,0.864,worse
incremental_shift,4.0,wasserstein_max,ks_max,0.727,0.864,inconclusive
incremental_shift,4.0,wasserstein_max_thinned,ks_max,0.591,0.864,inconclusive
none,0.0,c2st,ks_max,0.0,0.0,inconclusive
none,0.0,c2st_thinned,ks_max,0.0,0.0,inconclusive
none,0.0,iforest_mean,ks_max,0.0,0.0,inconclusive
none,0.0,js_max,ks_max,0.0,0.0,inconclusive
none,0.0,js_max_thinned,ks_max,0.0,0.0,inconclusive
none,0.0,ks_bonferroni,ks_max,0.0,0.0,inconclusive
none,0.0,ks_max_thinned,ks_max,0.0,0.0,inconclusive
none,0.0,pca_recon,ks_max,0.0,0.0,inconclusive
none,0.0,psi_max,ks_max,0.0,0.0,inconclusive
none,0.0,psi_max_thinned,ks_max,0.0,0.0,inconclusive
none,0.0,random,ks_max,0.0,0.0,inconclusive
none,0.0,wasserstein_max,ks_max,0.0,0.0,inconclusive
none,0.0,wasserstein_max_thinned,ks_max,0.0,0.0,inconclusive
sudden_shift,0.5,c2st,ks_max,0.727,0.773,inconclusive
sudden_shift,0.5,c2st_thinned,ks_max,0.818,0.773,inconclusive
sudden_shift,0.5,iforest_mean,ks_max,0.682,0.773,inconclusive
sudden_shift,0.5,js_max,ks_max,0.682,0.773,inconclusive
sudden_shift,0.5,js_max_thinned,ks_max,0.864,0.773,inconclusive
sudden_shift,0.5,ks_bonferroni,ks_max,0.0,0.773,worse
sudden_shift,0.5,ks_max_thinned,ks_max,0.727,0.773,inconclusive
sudden_shift,0.5,pca_recon,ks_max,0.636,0.773,inconclusive
sudden_shift,0.5,psi_max,ks_max,0.727,0.773,inconclusive
sudden_shift,0.5,psi_max_thinned,ks_max,0.591,0.773,inconclusive
sudden_shift,0.5,random,ks_max,0.591,0.773,inconclusive
sudden_shift,0.5,wasserstein_max,ks_max,0.682,0.773,inconclusive
sudden_shift,0.5,wasserstein_max_thinned,ks_max,0.545,0.773,inconclusive
sudden_shift,1.0,c2st,ks_max,0.727,0.818,inconclusive
sudden_shift,1.0,c2st_thinned,ks_max,0.818,0.818,inconclusive
sudden_shift,1.0,iforest_mean,ks_max,0.909,0.818,inconclusive
sudden_shift,1.0,js_max,ks_max,0.682,0.818,inconclusive
sudden_shift,1.0,js_max_thinned,ks_max,0.864,0.818,inconclusive
sudden_shift,1.0,ks_bonferroni,ks_max,0.0,0.818,worse
sudden_shift,1.0,ks_max_thinned,ks_max,0.818,0.818,inconclusive
sudden_shift,1.0,pca_recon,ks_max,0.818,0.818,inconclusive
sudden_shift,1.0,psi_max,ks_max,0.818,0.818,inconclusive
sudden_shift,1.0,psi_max_thinned,ks_max,0.682,0.818,inconclusive
sudden_shift,1.0,random,ks_max,0.455,0.818,inconclusive
sudden_shift,1.0,wasserstein_max,ks_max,0.545,0.818,inconclusive
sudden_shift,1.0,wasserstein_max_thinned,ks_max,0.636,0.818,inconclusive
sudden_shift,2.0,c2st,ks_max,0.727,0.909,inconclusive
sudden_shift,2.0,c2st_thinned,ks_max,0.773,0.909,inconclusive
sudden_shift,2.0,iforest_mean,ks_max,1.0,0.909,inconclusive
sudden_shift,2.0,js_max,ks_max,0.818,0.909,inconclusive
sudden_shift,2.0,js_max_thinned,ks_max,0.818,0.909,inconclusive
sudden_shift,2.0,ks_bonferroni,ks_max,0.0,0.909,worse
sudden_shift,2.0,ks_max_thinned,ks_max,0.773,0.909,inconclusive
sudden_shift,2.0,pca_recon,ks_max,0.773,0.909,inconclusive
sudden_shift,2.0,psi_max,ks_max,0.909,0.909,inconclusive
sudden_shift,2.0,psi_max_thinned,ks_max,0.727,0.909,inconclusive
sudden_shift,2.0,random,ks_max,0.545,0.909,inconclusive
sudden_shift,2.0,wasserstein_max,ks_max,0.591,0.909,inconclusive
sudden_shift,2.0,wasserstein_max_thinned,ks_max,0.591,0.909,inconclusive
sudden_shift,4.0,c2st,ks_max,0.727,0.909,inconclusive
sudden_shift,4.0,c2st_thinned,ks_max,0.773,0.909,inconclusive
sudden_shift,4.0,iforest_mean,ks_max,1.0,0.909,inconclusive
sudden_shift,4.0,js_max,ks_max,1.0,0.909,inconclusive
sudden_shift,4.0,js_max_thinned,ks_max,0.909,0.909,inconclusive
sudden_shift,4.0,ks_bonferroni,ks_max,0.0,0.909,worse
sudden_shift,4.0,ks_max_thinned,ks_max,0.818,0.909,inconclusive
sudden_shift,4.0,pca_recon,ks_max,0.818,0.909,inconclusive
sudden_shift,4.0,psi_max,ks_max,0.909,0.909,inconclusive
sudden_shift,4.0,psi_max_thinned,ks_max,0.818,0.909,inconclusive
sudden_shift,4.0,random,ks_max,0.5,0.909,worse
sudden_shift,4.0,wasserstein_max,ks_max,0.818,0.909,inconclusive
sudden_shift,4.0,wasserstein_max_thinned,ks_max,0.773,0.909,inconclusive
variance_shift,0.5,c2st,ks_max,0.5,0.727,inconclusive
variance_shift,0.5,c2st_thinned,ks_max,0.682,0.727,inconclusive
variance_shift,0.5,iforest_mean,ks_max,0.727,0.727,inconclusive
variance_shift,0.5,js_max,ks_max,0.636,0.727,inconclusive
variance_shift,0.5,js_max_thinned,ks_max,0.682,0.727,inconclusive
variance_shift,0.5,ks_bonferroni,ks_max,0.0,0.727,worse
variance_shift,0.5,ks_max_thinned,ks_max,0.727,0.727,inconclusive
variance_shift,0.5,pca_recon,ks_max,0.545,0.727,inconclusive
variance_shift,0.5,psi_max,ks_max,0.682,0.727,inconclusive
variance_shift,0.5,psi_max_thinned,ks_max,0.545,0.727,inconclusive
variance_shift,0.5,random,ks_max,0.591,0.727,inconclusive
variance_shift,0.5,wasserstein_max,ks_max,0.727,0.727,inconclusive
variance_shift,0.5,wasserstein_max_thinned,ks_max,0.545,0.727,inconclusive
variance_shift,1.0,c2st,ks_max,0.591,0.773,inconclusive
variance_shift,1.0,c2st_thinned,ks_max,0.773,0.773,inconclusive
variance_shift,1.0,iforest_mean,ks_max,0.864,0.773,inconclusive
variance_shift,1.0,js_max,ks_max,0.545,0.773,inconclusive
variance_shift,1.0,js_max_thinned,ks_max,0.818,0.773,inconclusive
variance_shift,1.0,ks_bonferroni,ks_max,0.0,0.773,worse
variance_shift,1.0,ks_max_thinned,ks_max,0.773,0.773,inconclusive
variance_shift,1.0,pca_recon,ks_max,0.682,0.773,inconclusive
variance_shift,1.0,psi_max,ks_max,0.773,0.773,inconclusive
variance_shift,1.0,psi_max_thinned,ks_max,0.636,0.773,inconclusive
variance_shift,1.0,random,ks_max,0.409,0.773,inconclusive
variance_shift,1.0,wasserstein_max,ks_max,0.682,0.773,inconclusive
variance_shift,1.0,wasserstein_max_thinned,ks_max,0.682,0.773,inconclusive
variance_shift,2.0,c2st,ks_max,0.545,0.682,inconclusive
variance_shift,2.0,c2st_thinned,ks_max,0.636,0.682,inconclusive
variance_shift,2.0,iforest_mean,ks_max,0.909,0.682,inconclusive
variance_shift,2.0,js_max,ks_max,0.5,0.682,inconclusive
variance_shift,2.0,js_max_thinned,ks_max,0.636,0.682,inconclusive
variance_shift,2.0,ks_bonferroni,ks_max,0.0,0.682,worse
variance_shift,2.0,ks_max_thinned,ks_max,0.727,0.682,inconclusive
variance_shift,2.0,pca_recon,ks_max,0.727,0.682,inconclusive
variance_shift,2.0,psi_max,ks_max,0.682,0.682,inconclusive
variance_shift,2.0,psi_max_thinned,ks_max,0.545,0.682,inconclusive
variance_shift,2.0,random,ks_max,0.364,0.682,inconclusive
variance_shift,2.0,wasserstein_max,ks_max,0.682,0.682,inconclusive
variance_shift,2.0,wasserstein_max_thinned,ks_max,0.591,0.682,inconclusive
variance_shift,4.0,c2st,ks_max,0.5,0.818,inconclusive
variance_shift,4.0,c2st_thinned,ks_max,0.818,0.818,inconclusive
variance_shift,4.0,iforest_mean,ks_max,0.909,0.818,inconclusive
variance_shift,4.0,js_max,ks_max,0.682,0.818,inconclusive
variance_shift,4.0,js_max_thinned,ks_max,0.773,0.818,inconclusive
variance_shift,4.0,ks_bonferroni,ks_max,0.0,0.818,worse
variance_shift,4.0,ks_max_thinned,ks_max,0.818,0.818,inconclusive
variance_shift,4.0,pca_recon,ks_max,0.773,0.818,inconclusive
variance_shift,4.0,psi_max,ks_max,0.727,0.818,inconclusive
variance_shift,4.0,psi_max_thinned,ks_max,0.591,0.818,inconclusive
variance_shift,4.0,random,ks_max,0.273,0.818,worse
variance_shift,4.0,wasserstein_max,ks_max,0.818,0.818,inconclusive
variance_shift,4.0,wasserstein_max_thinned,ks_max,0.773,0.818,inconclusive
