machine,detector,policy,value,achieved_alarms_per_window
machine-1-1,c2st,fixed,0.9865433624990498,0.125
machine-1-1,c2st_thinned,fixed,0.9000000000000001,0.125
machine-1-1,iforest_mean,fixed,0.0486050827766743,0.125
machine-1-1,js_max,fixed,0.875055708638139,0.125
machine-1-1,js_max_thinned,fixed,0.9999999763854688,0.125
machine-1-1,ks_bonferroni,fixed,10.0,0.0
machine-1-1,ks_max,fixed,0.8555,0.125
machine-1-1,ks_max_thinned,fixed,0.875,0.08333333333333333
machine-1-1,pca_recon,fixed,1.9956366056663088,0.125
machine-1-1,psi_max,fixed,17.866323378928687,0.125
machine-1-1,psi_max_thinned,fixed,21.14696355784102,0.0625
machine-1-1,random,fixed,0.8208991567235296,0.125
machine-1-1,wasserstein_max,fixed,3.083826575373943,0.125
machine-1-1,wasserstein_max_thinned,fixed,3.749489728784098,0.125
machine-1-2,c2st,fixed,1.0,0.0
machine-1-2,c2st_thinned,fixed,0.9998771196854266,0.125
machine-1-2,iforest_mean,fixed,0.024126709252441036,0.125
machine-1-2,js_max,fixed,0.7822568817648246,0.08333333333333333
machine-1-2,js_max_thinned,fixed,0.8394307109175279,0.125
machine-1-2,ks_bonferroni,fixed,10.0,0.0
machine-1-2,ks_max,fixed,1.0,0.0
machine-1-2,ks_max_thinned,fixed,1.0,0.0
machine-1-2,pca_recon,fixed,1.7966515383665396,0.125
machine-1-2,psi_max,fixed,17.441482329566803,0.08333333333333333
machine-1-2,psi_max_thinned,fixed,17.461034412698876,0.08333333333333333
machine-1-2,random,fixed,0.8865740499153515,0.125
machine-1-2,wasserstein_max,fixed,4.804271482621089,0.125
machine-1-2,wasserstein_max_thinned,fixed,4.808355892704249,0.125
machine-1-3,c2st,fixed,0.9999959993238858,0.125
machine-1-3,c2st_thinned,fixed,0.7407407407407409,0.10416666666666667
machine-1-3,iforest_mean,fixed,0.009831399366013738,0.125
machine-1-3,js_max,fixed,0.47733954093772896,0.125
machine-1-3,js_max_thinned,fixed,0.7745114262348678,0.125
machine-1-3,ks_bonferroni,fixed,10.0,0.0
machine-1-3,ks_max,fixed,0.58845,0.125
machine-1-3,ks_max_thinned,fixed,0.67,0.125
machine-1-3,pca_recon,fixed,2.7045342396111933,0.125
machine-1-3,psi_max,fixed,9.841598196538898,0.125
machine-1-3,psi_max_thinned,fixed,15.614411831131942,0.125
machine-1-3,random,fixed,0.9157359615040432,0.125
machine-1-3,wasserstein_max,fixed,1.7844162572691442,0.125
machine-1-3,wasserstein_max_thinned,fixed,2.040858172818359,0.125
machine-1-4,c2st,fixed,1.0,0.0
machine-1-4,c2st_thinned,fixed,0.875,0.125
machine-1-4,iforest_mean,fixed,0.018230461629134387,0.125
machine-1-4,js_max,fixed,0.5102545587654919,0.125
machine-1-4,js_max_thinned,fixed,0.6644650139384405,0.125
machine-1-4,ks_bonferroni,fixed,10.0,0.0
machine-1-4,ks_max,fixed,0.64235,0.125
machine-1-4,ks_max_thinned,fixed,0.715,0.08333333333333333
machine-1-4,pca_recon,fixed,3.666093732132689,0.125
machine-1-4,psi_max,fixed,9.967279975604123,0.125
machine-1-4,psi_max_thinned,fixed,14.93899345565168,0.125
machine-1-4,random,fixed,0.8948856876686293,0.125
machine-1-4,wasserstein_max,fixed,2.020970913921985,0.125
machine-1-4,wasserstein_max_thinned,fixed,2.2166212929782425,0.125
machine-1-5,c2st,fixed,0.9949036738351253,0.125
machine-1-5,c2st_thinned,fixed,0.9649122807017545,0.125
machine-1-5,iforest_mean,fixed,0.034420559271375606,0.125
machine-1-5,js_max,fixed,0.6923123987923641,0.125
machine-1-5,js_max_thinned,fixed,0.6979137899567801,0.125
machine-1-5,ks_bonferroni,fixed,10.0,0.0
machine-1-5,ks_max,fixed,0.7957500000000001,0.125
machine-1-5,ks_max_thinned,fixed,0.8050108932461874,0.10416666666666667
machine-1-5,pca_recon,fixed,2.147167798923204,0.125
machine-1-5,psi_max,fixed,16.25109610710406,0.125
machine-1-5,psi_max_thinned,fixed,16.26038215659361,0.08333333333333333
machine-1-5,random,fixed,0.9168742203229983,0.125
machine-1-5,wasserstein_max,fixed,2.685054101810559,0.125
machine-1-5,wasserstein_max_thinned,fixed,2.699129713381836,0.125
machine-1-6,c2st,fixed,0.999989999359959,0.125
machine-1-6,c2st_thinned,fixed,0.8666666666666667,0.125
machine-1-6,iforest_mean,fixed,0.02102596964868897,0.125
machine-1-6,js_max,fixed,0.8665841132382099,0.125
machine-1-6,js_max_thinned,fixed,0.8564294208482188,0.125
machine-1-6,ks_bonferroni,fixed,10.0,0.0
machine-1-6,ks_max,fixed,0.9724499999999999,0.125
machine-1-6,ks_max_thinned,fixed,0.9642857142857143,0.125
machine-1-6,pca_recon,fixed,3.6292647950486923,0.125
machine-1-6,psi_max,fixed,20.625301282187543,0.125
machine-1-6,psi_max_thinned,fixed,20.50087186765659,0.125
machine-1-6,random,fixed,0.8749533821335245,0.125
machine-1-6,wasserstein_max,fixed,2.480547593613508,0.125
machine-1-6,wasserstein_max_thinned,fixed,30.622162147920083,0.125
machine-1-7,c2st,fixed,0.9999139996559987,0.125
machine-1-7,c2st_thinned,fixed,1.0,0.0
machine-1-7,iforest_mean,fixed,0.019445274678745794,0.125
machine-1-7,js_max,fixed,0.5777662917828226,0.125
machine-1-7,js_max_thinned,fixed,0.7024389496652066,0.125
machine-1-7,ks_bonferroni,fixed,10.0,0.0
machine-1-7,ks_max,fixed,0.7494999999999999,0.125
machine-1-7,ks_max_thinned,fixed,0.84,0.0625
machine-1-7,pca_recon,fixed,3.708719094541349,0.125
machine-1-7,psi_max,fixed,14.405409925398907,0.125
machine-1-7,psi_max_thinned,fixed,17.93302084707694,0.125
machine-1-7,random,fixed,0.8144429883837196,0.125
machine-1-7,wasserstein_max,fixed,1.5532225254070031,0.125
machine-1-7,wasserstein_max_thinned,fixed,2.3904996391002684,0.125
machine-1-8,c2st,fixed,0.8832285266257041,0.125
machine-1-8,c2st_thinned,fixed,0.3194444444444444,0.125
machine-1-8,iforest_mean,fixed,0.0276615753661284,0.125
machine-1-8,js_max,fixed,0.13840623300462318,0.125
machine-1-8,js_max_thinned,fixed,0.45060063898812397,0.125
machine-1-8,ks_bonferroni,fixed,10.0,0.0
machine-1-8,ks_max,fixed,0.24445000000000006,0.125
machine-1-8,ks_max_thinned,fixed,0.40717948717948727,0.125
machine-1-8,pca_recon,fixed,1.7297233420092681,0.125
machine-1-8,psi_max,fixed,0.6985952037084842,0.125
machine-1-8,psi_max_thinned,fixed,8.921745406283577,0.125
machine-1-8,random,fixed,0.8831346964356519,0.125
machine-1-8,wasserstein_max,fixed,0.698135503435639,0.125
machine-1-8,wasserstein_max_thinned,fixed,19.70062941507116,0.125
machine-2-1,c2st,fixed,0.9129151660664265,0.125
machine-2-1,c2st_thinned,fixed,0.7644110275689222,0.125
machine-2-1,iforest_mean,fixed,0.04222764470755602,0.125
machine-2-1,js_max,fixed,0.4384006701258857,0.125
machine-2-1,js_max_thinned,fixed,0.5642296905225326,0.125
machine-2-1,ks_bonferroni,fixed,10.0,0.0
machine-2-1,ks_max,fixed,0.6831499999999999,0.125
machine-2-1,ks_max_thinned,fixed,0.7055460263007434,0.125
machine-2-1,pca_recon,fixed,1.1277089466367263,0.125
machine-2-1,psi_max,fixed,6.30578244769757,0.125
machine-2-1,psi_max_thinned,fixed,13.558190627350143,0.125
machine-2-1,random,fixed,0.7488943078245106,0.125
machine-2-1,wasserstein_max,fixed,1.4619653708084193,0.125
machine-2-1,wasserstein_max_thinned,fixed,1.6518016617728852,0.125
machine-2-2,c2st,fixed,0.9651478605914423,0.125
machine-2-2,c2st_thinned,fixed,0.878095238095238,0.125
machine-2-2,iforest_mean,fixed,0.026594348653855626,0.125
machine-2-2,js_max,fixed,0.5672994974095714,0.125
machine-2-2,js_max_thinned,fixed,0.5711847603167273,0.125
machine-2-2,ks_bonferroni,fixed,10.0,0.0
machine-2-2,ks_max,fixed,0.6597000000000001,0.125
machine-2-2,ks_max_thinned,fixed,0.6672143390589993,0.125
machine-2-2,pca_recon,fixed,2.0340560554679934,0.125
machine-2-2,psi_max,fixed,11.59976491622372,0.125
machine-2-2,psi_max_thinned,fixed,11.64452376335434,0.125
machine-2-2,random,fixed,0.8280043329530875,0.125
machine-2-2,wasserstein_max,fixed,2.62734192911825,0.125
machine-2-2,wasserstein_max_thinned,fixed,2.5807758273228676,0.125
machine-2-3,c2st,fixed,0.6128630904916275,0.125
machine-2-3,c2st_thinned,fixed,0.4666666666666668,0.125
machine-2-3,iforest_mean,fixed,0.03173852742509092,0.125
machine-2-3,js_max,fixed,0.3619653509689026,0.125
machine-2-3,js_max_thinned,fixed,0.5964802515886019,0.125
machine-2-3,ks_bonferroni,fixed,10.0,0.0
machine-2-3,ks_max,fixed,0.54365,0.125
machine-2-3,ks_max_thinned,fixed,0.656140350877193,0.125
machine-2-3,pca_recon,fixed,346.76984557020023,0.125
machine-2-3,psi_max,fixed,2.242365537067298,0.125
machine-2-3,psi_max_thinned,fixed,10.633294893590778,0.125
machine-2-3,random,fixed,0.8776489753668463,0.125
machine-2-3,wasserstein_max,fixed,6.397987203467111,0.125
machine-2-3,wasserstein_max_thinned,fixed,5.593306553463913,0.125
machine-2-4,c2st,fixed,0.9135208867519233,0.125
machine-2-4,c2st_thinned,fixed,0.5185185185185184,0.125
machine-2-4,iforest_mean,fixed,0.03790169816362776,0.125
machine-2-4,js_max,fixed,0.16984654027740437,0.125
machine-2-4,js_max_thinned,fixed,0.48236311684987937,0.125
machine-2-4,ks_bonferroni,fixed,10.0,0.0
machine-2-4,ks_max,fixed,0.33285,0.10416666666666667
machine-2-4,ks_max_thinned,fixed,0.40404040404040403,0.125
machine-2-4,pca_recon,fixed,2.449962658120854,0.125
machine-2-4,psi_max,fixed,0.9585108080705309,0.125
machine-2-4,psi_max_thinned,fixed,9.148348666751662,0.125
machine-2-4,random,fixed,0.7642227899997162,0.125
machine-2-4,wasserstein_max,fixed,0.6092080785667724,0.125
machine-2-4,wasserstein_max_thinned,fixed,2.4159401070892654,0.125
machine-2-5,c2st,fixed,1.0,0.0
machine-2-5,c2st_thinned,fixed,1.0,0.0
machine-2-5,iforest_mean,fixed,0.036939212083926865,0.125
machine-2-5,js_max,fixed,0.9406624334472532,0.125
machine-2-5,js_max_thinned,fixed,0.932225064059397,0.10416666666666667
machine-2-5,ks_bonferroni,fixed,10.0,0.0
machine-2-5,ks_max,fixed,0.99605,0.041666666666666664
machine-2-5,ks_max_thinned,fixed,1.0,0.0
machine-2-5,pca_recon,fixed,26171.356248811062,0.125
machine-2-5,psi_max,fixed,20.756500861892842,0.125
machine-2-5,psi_max_thinned,fixed,20.305708308348187,0.0
machine-2-5,random,fixed,0.8354277442188603,0.125
machine-2-5,wasserstein_max,fixed,19.931166655897957,0.125
machine-2-5,wasserstein_max_thinned,fixed,6.042811105736738,0.125
machine-2-6,c2st,fixed,0.9746214990728241,0.125
machine-2-6,c2st_thinned,fixed,0.3999999999999999,0.125
machine-2-6,iforest_mean,fixed,0.014444563824390855,0.125
machine-2-6,js_max,fixed,0.1049220689132034,0.125
machine-2-6,js_max_thinned,fixed,0.5371054233771124,0.125
machine-2-6,ks_bonferroni,fixed,10.0,0.0
machine-2-6,ks_max,fixed,0.29719999999999996,0.125
machine-2-6,ks_max_thinned,fixed,0.45625000000000004,0.125
machine-2-6,pca_recon,fixed,1.3705604747382438,0.125
machine-2-6,psi_max,fixed,0.5373597064783642,0.125
machine-2-6,psi_max_thinned,fixed,9.49623749553532,0.125
machine-2-6,random,fixed,0.8988375279176443,0.125
machine-2-6,wasserstein_max,fixed,0.5948860802716704,0.125
machine-2-6,wasserstein_max_thinned,fixed,2.98576573647564,0.125
machine-2-7,c2st,fixed,0.9865779463117852,0.125
machine-2-7,c2st_thinned,fixed,0.9519230769230769,0.125
machine-2-7,iforest_mean,fixed,0.03494163243044268,0.125
machine-2-7,js_max,fixed,0.7256355437552232,0.125
machine-2-7,js_max_thinned,fixed,0.7891631568514087,0.125
machine-2-7,ks_bonferroni,fixed,10.0,0.0
machine-2-7,ks_max,fixed,0.87605,0.10416666666666667
machine-2-7,ks_max_thinned,fixed,0.9310344827586207,0.0625
machine-2-7,pca_recon,fixed,2.1161423979451803,0.125
machine-2-7,psi_max,fixed,4.826494328848879,0.125
machine-2-7,psi_max_thinned,fixed,18.597500262980503,0.10416666666666667
machine-2-7,random,fixed,0.857354760890587,0.125
machine-2-7,wasserstein_max,fixed,2.8730043801174183,0.125
machine-2-7,wasserstein_max_thinned,fixed,3.371271052592009,0.125
machine-2-8,c2st,fixed,0.9424257697030789,0.125
machine-2-8,c2st_thinned,fixed,0.4222222222222223,0.125
machine-2-8,iforest_mean,fixed,0.001389376465644243,0.125
machine-2-8,js_max,fixed,0.9999999765394305,0.125
machine-2-8,js_max_thinned,fixed,0.9999999844098162,0.125
machine-2-8,ks_bonferroni,fixed,10.0,0.0
machine-2-8,ks_max,fixed,0.8135,0.125
machine-2-8,ks_max_thinned,fixed,0.782608695652174,0.0
machine-2-8,pca_recon,fixed,1.042084862056111,0.125
machine-2-8,psi_max,fixed,15.672338611691382,0.0
machine-2-8,psi_max_thinned,fixed,21.574210614310616,0.0
machine-2-8,random,fixed,0.8966078918092324,0.125
machine-2-8,wasserstein_max,fixed,0.9752976389547506,0.125
machine-2-8,wasserstein_max_thinned,fixed,3.011981340027331,0.125
machine-2-9,c2st,fixed,0.9949225326119249,0.125
machine-2-9,c2st_thinned,fixed,0.9166666666666667,0.10416666666666667
machine-2-9,iforest_mean,fixed,0.03155926972767409,0.125
machine-2-9,js_max,fixed,0.827268377615922,0.125
machine-2-9,js_max_thinned,fixed,0.8625708510556427,0.125
machine-2-9,ks_bonferroni,fixed,10.0,0.0
machine-2-9,ks_max,fixed,0.87065,0.125
machine-2-9,ks_max_thinned,fixed,0.9057017543859649,0.041666666666666664
machine-2-9,pca_recon,fixed,4.018489141302943,0.125
machine-2-9,psi_max,fixed,18.451511055230245,0.125
machine-2-9,psi_max_thinned,fixed,20.55665364407793,0.08333333333333333
machine-2-9,random,fixed,0.8944069755323011,0.125
machine-2-9,wasserstein_max,fixed,2.7068021717751147,0.125
machine-2-9,wasserstein_max_thinned,fixed,8.574532690469919,0.125
machine-3-1,c2st,fixed,1.0,0.0
machine-3-1,c2st_thinned,fixed,1.0,0.0
machine-3-1,iforest_mean,fixed,0.031666034755853334,0.125
machine-3-1,js_max,fixed,0.9948445416284133,0.125
machine-3-1,js_max_thinned,fixed,0.8909436199885348,0.125
machine-3-1,ks_bonferroni,fixed,10.0,0.0
machine-3-1,ks_max,fixed,0.99975,0.10416666666666667
machine-3-1,ks_max_thinned,fixed,1.0,0.0
machine-3-1,pca_recon,fixed,1.8224017853884131,0.125
machine-3-1,psi_max,fixed,20.72335072186698,0.0625
machine-3-1,psi_max_thinned,fixed,20.615903221436188,0.125
machine-3-1,random,fixed,0.8454037158020004,0.125
machine-3-1,wasserstein_max,fixed,4.846491479387294,0.125
machine-3-1,wasserstein_max_thinned,fixed,4.758900442717909,0.125
machine-3-10,c2st,fixed,0.8713239411830591,0.125
machine-3-10,c2st_thinned,fixed,0.7,0.125
machine-3-10,iforest_mean,fixed,0.019034080726909042,0.125
machine-3-10,js_max,fixed,0.3221946332356604,0.125
machine-3-10,js_max_thinned,fixed,0.8493067247940549,0.125
machine-3-10,ks_bonferroni,fixed,10.0,0.0
machine-3-10,ks_max,fixed,0.8329500000000001,0.125
machine-3-10,ks_max_thinned,fixed,0.8823529411764706,0.125
machine-3-10,pca_recon,fixed,76.61571692077783,0.125
machine-3-10,psi_max,fixed,17.734611014943727,0.125
machine-3-10,psi_max_thinned,fixed,32.83695561674949,0.10416666666666667
machine-3-10,random,fixed,0.7633787546638343,0.125
machine-3-10,wasserstein_max,fixed,3.0349108843465435,0.125
machine-3-10,wasserstein_max_thinned,fixed,272.3976610946192,0.125
machine-3-11,c2st,fixed,1.0,0.0
machine-3-11,c2st_thinned,fixed,1.0,0.0
machine-3-11,iforest_mean,fixed,0.03970137169352839,0.125
machine-3-11,js_max,fixed,0.9506242437410537,0.125
machine-3-11,js_max_thinned,fixed,0.8738061265456178,0.10416666666666667
machine-3-11,ks_bonferroni,fixed,10.0,0.0
machine-3-11,ks_max,fixed,1.0,0.0
machine-3-11,ks_max_thinned,fixed,1.0,0.0
machine-3-11,pca_recon,fixed,6.667669693976827,0.125
machine-3-11,psi_max,fixed,20.675357301471834,0.08333333333333333
machine-3-11,psi_max_thinned,fixed,19.98084725013235,0.0625
machine-3-11,random,fixed,0.8023801571777849,0.125
machine-3-11,wasserstein_max,fixed,4.292152477932299,0.125
machine-3-11,wasserstein_max_thinned,fixed,4.317557714049862,0.125
machine-3-2,c2st,fixed,0.8895848416482162,0.125
machine-3-2,c2st_thinned,fixed,0.6796917996697853,0.125
machine-3-2,iforest_mean,fixed,0.023548638206813355,0.125
machine-3-2,js_max,fixed,0.47111131862091404,0.125
machine-3-2,js_max_thinned,fixed,0.4779059788005757,0.125
machine-3-2,ks_bonferroni,fixed,10.0,0.0
machine-3-2,ks_max,fixed,0.56215,0.125
machine-3-2,ks_max_thinned,fixed,0.5668892718655751,0.125
machine-3-2,pca_recon,fixed,15.507656134007572,0.125
machine-3-2,psi_max,fixed,5.68592037038758,0.125
machine-3-2,psi_max_thinned,fixed,9.329342226989002,0.125
machine-3-2,random,fixed,0.8935964256513014,0.125
machine-3-2,wasserstein_max,fixed,0.7732563599371955,0.125
machine-3-2,wasserstein_max_thinned,fixed,3.2114141989209206,0.125
machine-3-3,c2st,fixed,0.8853735332125097,0.125
machine-3-3,c2st_thinned,fixed,0.6734693877551021,0.125
machine-3-3,iforest_mean,fixed,0.0308842432968085,0.125
machine-3-3,js_max,fixed,0.288879203846502,0.125
machine-3-3,js_max_thinned,fixed,0.6483873484571692,0.125
machine-3-3,ks_bonferroni,fixed,10.0,0.0
machine-3-3,ks_max,fixed,0.5489499999999999,0.125
machine-3-3,ks_max_thinned,fixed,0.6521739130434783,0.125
machine-3-3,pca_recon,fixed,5.240759683776512,0.125
machine-3-3,psi_max,fixed,1.9046697877715815,0.125
machine-3-3,psi_max_thinned,fixed,13.377813698403745,0.125
machine-3-3,random,fixed,0.7699886810805363,0.125
machine-3-3,wasserstein_max,fixed,1.6885525076378398,0.10416666666666667
machine-3-3,wasserstein_max_thinned,fixed,4.799983659273316,0.125
machine-3-4,c2st,fixed,0.9207194101894403,0.125
machine-3-4,c2st_thinned,fixed,0.75,0.125
machine-3-4,iforest_mean,fixed,0.013588135205410135,0.125
machine-3-4,js_max,fixed,0.5005520905297511,0.125
machine-3-4,js_max_thinned,fixed,0.6684190089230746,0.125
machine-3-4,ks_bonferroni,fixed,10.0,0.0
machine-3-4,ks_max,fixed,0.6776,0.125
machine-3-4,ks_max_thinned,fixed,0.7420634920634921,0.125
machine-3-4,pca_recon,fixed,2.4886709700312317,0.125
machine-3-4,psi_max,fixed,5.263402557186398,0.125
machine-3-4,psi_max_thinned,fixed,14.273253176839214,0.125
machine-3-4,random,fixed,0.8215453297228212,0.125
machine-3-4,wasserstein_max,fixed,2.744489370323224,0.125
machine-3-4,wasserstein_max_thinned,fixed,3.091533964140784,0.125
machine-3-5,c2st,fixed,0.8858158893720172,0.125
machine-3-5,c2st_thinned,fixed,0.7828947368421053,0.125
machine-3-5,iforest_mean,fixed,0.06546693280680049,0.125
machine-3-5,js_max,fixed,0.8772284229427278,0.125
machine-3-5,js_max_thinned,fixed,0.9573049180027416,0.125
machine-3-5,ks_bonferroni,fixed,10.0,0.0
machine-3-5,ks_max,fixed,0.7921999999999999,0.125
machine-3-5,ks_max_thinned,fixed,0.8077922077922077,0.125
machine-3-5,pca_recon,fixed,2.7788938438770163,0.125
machine-3-5,psi_max,fixed,12.786529953271534,0.125
machine-3-5,psi_max_thinned,fixed,20.524136825146137,0.10416666666666667
machine-3-5,random,fixed,0.8502073632775552,0.125
machine-3-5,wasserstein_max,fixed,6.541809775494449,0.125
machine-3-5,wasserstein_max_thinned,fixed,9.991026181069632,0.125
machine-3-6,c2st,fixed,0.9636574359035948,0.125
machine-3-6,c2st_thinned,fixed,0.3999999999999999,0.125
machine-3-6,iforest_mean,fixed,0.013356754849337849,0.125
machine-3-6,js_max,fixed,0.08531389653137349,0.125
machine-3-6,js_max_thinned,fixed,0.5333210089309817,0.125
machine-3-6,ks_bonferroni,fixed,10.0,0.0
machine-3-6,ks_max,fixed,0.2604,0.125
machine-3-6,ks_max_thinned,fixed,0.4183006535947712,0.125
machine-3-6,pca_recon,fixed,1.3967119783966304,0.125
machine-3-6,psi_max,fixed,0.41863447118126335,0.125
machine-3-6,psi_max_thinned,fixed,10.296511654083798,0.125
machine-3-6,random,fixed,0.8608738235161721,0.125
machine-3-6,wasserstein_max,fixed,0.4159215452892449,0.125
machine-3-6,wasserstein_max_thinned,fixed,9.542365009472926,0.125
machine-3-7,c2st,fixed,0.9117700000000002,0.125
machine-3-7,c2st_thinned,fixed,0.6388888888888888,0.125
machine-3-7,iforest_mean,fixed,0.020516643876984708,0.125
machine-3-7,js_max,fixed,0.20710773050799675,0.125
machine-3-7,js_max_thinned,fixed,0.5910496136671693,0.125
machine-3-7,ks_bonferroni,fixed,10.0,0.0
machine-3-7,ks_max,fixed,0.54335,0.10416666666666667
machine-3-7,ks_max_thinned,fixed,0.6428571428571428,0.10416666666666667
machine-3-7,pca_recon,fixed,36.20887174328145,0.125
machine-3-7,psi_max,fixed,2.171144947332774,0.125
machine-3-7,psi_max_thinned,fixed,9.690645316701776,0.125
machine-3-7,random,fixed,0.8912600629344569,0.125
machine-3-7,wasserstein_max,fixed,0.5161064427150994,0.125
machine-3-7,wasserstein_max_thinned,fixed,1.625098039215687,0.125
machine-3-8,c2st,fixed,0.993668,0.125
machine-3-8,c2st_thinned,fixed,0.8888888888888886,0.125
machine-3-8,iforest_mean,fixed,0.02029490004633311,0.125
machine-3-8,js_max,fixed,0.7937487938286059,0.125
machine-3-8,js_max_thinned,fixed,0.8148904461078055,0.10416666666666667
machine-3-8,ks_bonferroni,fixed,10.0,0.0
machine-3-8,ks_max,fixed,0.8697,0.125
machine-3-8,ks_max_thinned,fixed,0.9130434782608696,0.125
machine-3-8,pca_recon,fixed,6003.425659939202,0.125
machine-3-8,psi_max,fixed,16.61536142290832,0.125
machine-3-8,psi_max_thinned,fixed,20.466593009364367,0.10416666666666667
machine-3-8,random,fixed,0.8701653710580747,0.125
machine-3-8,wasserstein_max,fixed,2.6789194314054057,0.125
machine-3-8,wasserstein_max_thinned,fixed,2.7471295005787564,0.125
machine-3-9,c2st,fixed,1.0,0.0
machine-3-9,c2st_thinned,fixed,1.0,0.0
machine-3-9,iforest_mean,fixed,0.04383889927063467,0.125
machine-3-9,js_max,fixed,0.9929039642993887,0.125
machine-3-9,js_max_thinned,fixed,0.8909436170742318,0.08333333333333333
machine-3-9,ks_bonferroni,fixed,10.0,0.0
machine-3-9,ks_max,fixed,1.0,0.0
machine-3-9,ks_max_thinned,fixed,1.0,0.0
machine-3-9,pca_recon,fixed,3.948559390504199,0.125
machine-3-9,psi_max,fixed,20.71509366283695,0.08333333333333333
machine-3-9,psi_max_thinned,fixed,20.615903221436188,0.08333333333333333
machine-3-9,random,fixed,0.8695765678900047,0.125
machine-3-9,wasserstein_max,fixed,5.325980346658987,0.125
machine-3-9,wasserstein_max_thinned,fixed,5.883545838936604,0.10416666666666667
